{
  "name": "MainForm",
  "labels": [

    {
      "name": "groupAIT",
      "text": "Informations Machine/Client"
    },
    {
      "name": "lblTxnType",
      "text": "Type de transaction"
    },
    {
      "name": "btnGetAITInfo",
      "text": "Vérifier la machine"
    },
    {
      "name": "btnVerifyCustomer",
      "text": "Vérifier le client"
    },
    {
      "name": "btnGenReport",
      "text": "Générer le rapport de transactions"
    }
  ],
  "lists": []
}