{
  "name": "UcAccountOpening",
  "labels": [
    {
      "name": "gbMain",
      "text": "OUVERTURE DE COMPTE"
    },
    {
      "name": "lblIdentificationNumber",
      "text": "Référence pièce"
    },
    {
      "name": "lblIdentificationType",
      "text": "Nature Pièce"
    },
    {
      "name": "lblGender",
      "text": "Sexe"
    },
    {
      "name": "lblTitle",
      "text": "Qualité"
    },
    {
      "name": "lblFirstName",
      "text": "Prénom"
    },
    {
      "name": "lblLastName",
      "text": "Nom"
    },
    {
      "name": "lblDateOfBirth",
      "text": "Date de naissance"
    },
    {
      "name": "lblExpiryDate",
      "text": "Date expiration pièce"
    },
    {
      "name": "lblMaritalStatus",
      "text": "Situation familiale"
    },
    {
      "name": "lblBirthCountry",
      "text": "Pays de naissance"
    },
    {
      "name": "lblBirthCity",
      "text": "Ville de naissance"
    },
    {
      "name": "lblPostalCode",
      "text": "Code postal de résidence "
    },
    {
      "name": "lblReferenceNumber",
      "text": "Référence pièce"
    },
    {
      "name": "lblIssuanceCountry",
      "text": "Pays de délivrance pièce"
    },
    {
      "name": "lblHomeCountry",
      "text": "Pays de résidence"
    },
    {
      "name": "lblHomeCity",
      "text": "Ville de résidence "
    },
    {
      "name": "lblAccountType",
      "text": "Produit"
    },
    {
      "name": "lblIssuanceDate",
      "text": "Date de délivrance pièce"
    },
    {
      "name": "lblEmail",
      "text": "Email"
    },
    {
      "name": "lblGsm",
      "text": "GSM"
    },
    {
      "name": "btnPost",
      "text": "VALIDER"
    }
  ],
  "lists": [
    {
      "name": "ddlIdentificationType",
      "items": [
        {
          "text": "CI",
          "value": "1"
        },
        {
          "text": "CS",
          "value": "2"
        }
      ]
    },
    {
      "name": "ddlGender",
      "items": [
        {
          "text": "Homme",
          "value": "1"
        },
        {
          "text": "Femme",
          "value": "2"
        }
      ]
    },
    {
      "name": "ddlTitle",
      "items": [
        {
          "text": "Mr",
          "value": "1"
        },
        {
          "text": "Mlle",
          "value": "2"
        },
        {
          "text": "Madame",
          "value": "3"
        }
      ]
    },
    {
      "name": "ddlMaritalStatus",
      "items": [
        {
          "text": "Divorcé",
          "value": "1"
        },
        {
          "text": "Marié",
          "value": "2"
        },
        {
          "text": "Célibataire",
          "value": "3"
        },
        {
          "text": "Veuf",
          "value": "4"
        }
      ]
    }
  ]
}