{
  "name": "UcCashWithdrawalWithoutCheck",
  "labels": [
    {
      "name": "gbMain",
      "text": "RETRAIT CHEQUE (CHEQUE AGENCE)"
    },
    {
      "name": "lblBenificiaryName",
      "text": "Libellé"
    },
    {
      "name": "lblAccount",
      "text": "Numéro de compte"
    },
    {
      "name": "lblAmount",
      "text": "Montant"
    },
    {
      "name": "btnPost",
      "text": "VALIDER"
    },
    {
      "name": "btnVerifySignature",
      "text": "CLOTURER"
    },
    {
      "name": "btnReversal",
      "text": "ANNULER"
    }

  ],
  "lists": [

    {
      "name": "ddlBenificiaryName",
      "items": [
        {
          "text": "Moi Même",
          "value": "MoiMeme"
        }
      ]
    }
  ]
}