{
  "name": "UcCashWithdrawalWithMAD",
  "labels": [
    {
      "name": "lblReferenceNumber",
      "text": "Référence MAD"
    },
    {
      "name": "lblCnic",
      "text": "CIN"
    },
    {
      "name": "lblAmount",
      "text": "Montant"
    },
    {
      "name": "gbMain",
      "text": "REGLEMENT MAD"
    },

    {
      "name": "btnGetAmount",
      "text": "Vérifier le montant"
    },
    {
      "name": "btnPost",
      "text": "VALIDER"
    },
    {
      "name": "btnReversal",
      "text": "ANNULER"
    },
    {
      "name": "btnVerifySignature",
      "text": "CLOTURER"
    }
  ],
  "lists": []
}