{
  "name": "UcCashDeposit",
  "labels": [
    {
      "name": "gbMain",
      "text": "DEPOT DE CASH"
    },
    {
      "name": "lblAccount",
      "text": "Numéro de compte"
    },
    {
      "name": "lblDesignation",
      "text": "Libellé"
    },
    {
      "name": "lblAmount",
      "text": "Montant"
    },
    {
      "name": "lblFullName",
      "text": "Nom Prénom"
    },
    {
      "name": "lblCnic",
      "text": "CIN"
    },
    {
      "name": "btnPost",
      "text": "VALIDER"
    },
    {
      "name": "btnReversal",
      "text": "ANNULER"
    },
    {
      "name": "btnVerifySignature",
      "text": "CLOTURER"
    }
  ],
  "lists": []
}