{
  "name": "UcCashWithdrawalWithCheck",
  "labels": [
    {
      "name": "gbMain",
      "text": "RETRAIT CASH (CHEQUE CLIENT)"
    },
    {
      "name": "lblFullName",
      "text": "Nom Prénom"
    },
    {
      "name": "lblAccount",
      "text": "Numéro de compte"
    },
    {
      "name": "lblAmount",
      "text": "Montant"
    },

    {
      "name": "lblCnic",
      "text": "CIN"
    },

    {
      "name": "lblCheckNumber",
      "text": "Numéro de chèque"
    },
    {
      "name": "lblBenificiary",
      "text": "Libellé"
    },
    {
      "name": "btnPost",
      "text": "VALIDER"
    },
    {
      "name": "btnVerifySignature",
      "text": "CLOTURER"
    },
    {
      "name": "btnReversal",
      "text": "ANNULER"
    }

  ],
  "lists": [

    {
      "name": "ddlBenificiaryName",
      "items": [
        {
          "text": "Moi Même",
          "value": "MoiMeme"
        }
      ]
    }
  ]
}