{
  "name": "UcCheckDeposit",
  "labels": [
    {
      "name": "gbMain",
      "text": "Dépôt de chèque"
    },
    {
      "name": "lblAccount",
      "text": "Account"
    },
    {
      "name": "lblAmount",
      "text": "Montant"
    },
    {
      "name": "lblRibTire",
      "text": "Rib Tire"
    },
    {
      "name": "lblFlagCertify",
      "text": "Flag certifié"
    },
    {
      "name": "lblCheckNumber",
      "text": "Numéro de chèque"
    },
    {
      "name": "lblFullName",
      "text": "Nom Prénom"
    },
    {
      "name": "btnPost",
      "text": "VALIDER"
    },
    {
      "name": "btnPost",
      "text": "VALIDER"
    },
    {
      "name": "btnReversal",
      "text": "ANNULER"
    },
    {
      "name": "btnVerifySignature",
      "text": "CLOTURER"
    }
  ],
  "lists": [
    {
      "name": "ddlFlagCertify",
      "items": [
        {
          "text": "N",
          "value": "1"
        },
        {
          "text": "O",
          "value": "2"
        }
      ]
    }
  ]
}