{
  "name": "UcFundTransfer",
  "labels": [
    {
      "name": "gbMain",
      "text": "VIREMENT"
    },
    {
      "name": "lblAccountNumber",
      "text": "Numéro de compte"
    },
    {
      "name": "lblToAccountNumber",
      "text": "RIB du destinataire"
    },
    {
      "name": "lblBenificiaryName",
      "text": "Nom du destinataire"
    },
    {
      "name": "lblDesignation",
      "text": "Libellé"
    },
    {
      "name": "lblAmount",
      "text": "Montant"
    },
    {
      "name": "btnPost",
      "text": "VALIDER"
    }
  ],
  "lists": [

    {
      "name": "ddlFlagRtg",
      "items": [
        {
          "text": "N",
          "value": "1"
        },
        {
          "text": "O",
          "value": "2"
        }
      ]
    }
  ]
}