{
  "name": "UcIssuanceOfMAD",
  "labels": [
    {
      "name": "lblAccountNumber",
      "text": "Numéro de compte"
    },
    {
      "name": "lblBenificiaryName",
      "text": "Nom du destinataire"
    },
    {
      "name": "lblMobileNumber",
      "text": "GSM du destinataire"
    },
    {
      "name": "lblCnic",
      "text": "CIN du destinataire"
    },
    {
      "name": "lblAmount",
      "text": "Montant"
    },
    {
      "name": "btnPost",
      "text": "VALIDER"
    },
    {
      "name": "btnReversal",
      "text": "ANNULER"
    },
    {
      "name": "btnVerifySignature",
      "text": "CLOTURER"
    }
  ],
  "lists": []
}