{
  "name": "UcLoan",
  "labels": [
    {
      "name": "gbMain",
      "text": "Demande de crédit"
    },
    {
      "name": "lblAmount",
      "text": "Montant du crédit"
    },
    {
      "name": "lblMonthlyAmount",
      "text": "Echéance"
    },
    {
      "name": "lblAccountNumber",
      "text": "Numéro de compte"
    },
    {
      "name": "lblTaxRate",
      "text": "Taux"
    },
    {
      "name": "lblProductType",
      "text": "Produit de crédit"
    },
    {
      "name": "btnPost",
      "text": "VALIDER"
    }
  ],
  "lists": []
}